Dr. Geoffrey Bland,MD, Family Medicine,"Springfield Clinic Wabash 2200 Wabash Ave Springfield, IL, 62704-5352, USA",(217) 528-7541
Dr. Philip Garcia,MD,ENT," Springfield Clinic Main Campus 1025 S 6th St Springfield, IL, 62703-2403, USA",(217) 528-7541
Dr Misty Phillips,MD,Pediatrics," Springfield Clinic Pediatric & Adolescent Center Springfield, IL, 62704-5352, USA",(217) 528-7541
Dr Carol Harper,PA,Family Medicine,"Springfield, IL, 62704-2100, USA",(217) 528-7542
Dr. Amy Hall,MD,Obstetrics/Gynecology,"Springfield, IL, 62702-3749, USA",(217) 528-7543
Dr. Larry Sapetti,MD,Family Medicine,"Springfield, IL, 62704-5352, USA",(217) 528-7544
Dr. Paul Phillips,MD,Family Medicine,"Springfield, IL, 62703-2403, USA",(217) 528-7545
Dr. Joshua Renken,DMD,Dentistry,"Springfield, IL, 62711, USA",217-646-4399
Dr. William Severino,MD,Urology,"Springfield, IL, 62703-5909, USA",217-646-4400
DR. ISH SINGLA,MD,"Interventional Cardiology, Cardiology (Heart)","Springfield, IL, 62703-5909, USA",(217) 528-7541
DR. CHRISTIAN ZELLNER,MD,"Interventional Cardiology, Cardiology (Heart)","Springfield, IL, 62703-5909, USA",(217) 528-7542
DR. ADEEB AHMED,MD,"Interventional Cardiology, Cardiology (Heart)","Springfield, IL, 62703-5909, USA",(217) 528-7543
Dr. Kevin Schlee,DDS,Dentistry,"Springfield, IL, USA",(217) 528-7544
DR STEPHEN CHEN,DO,"Interventional Cardiology, Cardiology (Heart)","Springfield, IL, 62703-5909, USA",(217) 528-7545
Dr. Robin Valenti,OD,Optometry,"Springfield, IL, 62703-5909, USA",(217) 528-7546
Dr. Scott Morton,MD,"Well Child Care, Sinusitis, Acid Reflux, Acne,","Springfield, IL, 62704-5352, USA",(217) 528-7547
Dr Claudine T Gillison,MD,Pediatrics,"Springfield, IL, 62704-5352, USA",(217) 528-7548
Dr. Mark Mckay,MD,Family Medicine,"Springfield, IL, 62704-5352, USA",(217) 528-7549
Dr Christopher Ehrlich,MD,Pediatrics,"Springfield, IL, 62704-5352, USA",(217) 528-7550
Windie McKay,MD,Chiropractor,"Springfield, IL, 62703-5909, USA",(217) 528-7551
Dr. Heather Beal,MD,Obstetrics/Gynecology,"Springfield, IL, 62702-3749, USA",(217) 528-7552
Dr. Dustin Stehling,MD,Obstetrics/Gynecology,"Springfield, IL, 62702-3749, USA",(217) 528-7553
Dr. Stephen E. Wallace,MD,Pediatrics,"Springfield, IL, 62704-5352, USA",(217) 528-7554
Dr. Joseph Conlon,MD,"Dermatology (Skin), Pediatric Dermatology","Springfield, IL, 62704-5352, USA",(217) 528-7555
Dr. Angelique Rettig,MD,Obstetrics/Gynecology,"Springfield, IL, 62702-3749, USA",(217) 528-7556
Dr. Jasneet Singh,DDS,Dentistry,"Delhi, New Delhi, 110058, India",011 25610009
Dr. Harbans Bansal,MD,Urology,"Mohali, Punjab, 160055, India",0172-5044944
Dr. Aditi,DDS,Dentistry,"Chandigarh, Chandigarh, 134108, India",9814666486
Dr. Nitish Singla,DDS,Dentistry,"Chandigarh, Chandigarh, 160022, India",9646805088
Dr. Avinish Singh,DDS,Dentistry,"Chandigarh, Chandigarh, 160034, India",9888996649
Dr. Vivek Gupta,DDS,Dentistry,"Chandigarh, Chandigarh, 134108, India",9888996649
Dr. George Koshy,DDS,Dentistry,"Ludhiana, Punjab, 141008, India",0161-211 5376
Dr. Navin Pahwa,DDS,Dentistry,"Delhi, New Delhi, 110034, India",011 47351844
Dr. Yakov Gologorsky,MD,Neurosurgery,"Englewood, NJ 07631",(201) 569-7737
Dr. Robert Mastey,MD,Hand and Upper Extremity Surgery,"Chattanooga, TN 3742",(423) 624-2696
Dr. Farzad Irani,DPT,Physical Therapy,"New York, NY 10075",(423) 624-2697
Dr. Fan Mou,DDS,Dentistry,"New York, NY 10016",(646) 502-6383
Dr. Glenn Hamroff,MD,Cardiology,"Cortlandt Manor, NY 10567",(914) 670-7840
Dr. Howard Tarkin,MD,Cardiology,"Cortlandt Manor, NY 10568",(914) 670-7841
Dr. Patrick Thomas,MD,Cardiology,"Cortlandt Manor, NY 10569",(914) 670-7842
Dr. Frank Dorsa,MD,Cardiology,"Cortlandt Manor, NY 10570",(212) 235-1519
Dr. David Engel,MD,Cardiology,"New York, NY 10019",(212) 235-1520
Dr. Robert Segal,MD,Cardiology,"New York, NY 10020",(212) 235-1521
Dr. Jim Cheung,MD,Cardiology,"New York, NY 10021",(212) 235-1522
Dr. Geoffrey Bergman,MD,Cardiology,"New York, NY 10022",(212) 235-1523
Dr. Christopher Irobunda,MD,Cardiology,"New York, NY 10023",(212) 235-1524
Dr. Neil Bernstein,MD,Cardiology,"New York, NY 10024",(212) 235-1525
Dr. Manuel Morlote,MD,Cardiology,"New York, NY 10025",(212) 235-1526
Dr. Emad Aziz,MD,Cardiology,"New York, NY 10026",(212) 235-1527
Dr. Stefano Ravalli,MD,Cardiology,"New York, NY 10027",(212) 235-1528
Dr. Ingrid Hriljac,MD,Cardiology,"New York, NY 10028",(212) 235-1529
Dr. Bindu Mathew,MD,Family Medicine,"Ossining, NY 10562",(212) 235-1530
Dr. Pooja Paunikar,MD,Family Medicine,"Briarcliff Manor, NY 10510",(212) 235-1531
Dr. Edward Merker,MD,Family Medicine,"Pleasantville, NY 10570",(212) 235-1532
Dr. Sofya Kleyn,MD,Family Medicine,225 Broadway Ste 1420,(212) 235-1533
Dr. Noel Smith,MD,Family Medicine,"New York, NY 10007",(212) 235-1534
Dr. Anthony Azar,MD,Family Medicine,"New York, NY 10007",(212) 235-1535
Dr. Gail Bauchman,MD,Family Medicine,"New York, NY 10008",(212) 235-1536
Dr. Damian Hu,MD,Family Medicine,"New York, NY 10009",(212) 235-1537
Dr. Michael Raffinan,MD,Family Medicine,"New York, NY 10010",(212) 235-1538
Dr. Chiyin Lee,MD,Family Medicine,"New York, NY 10011",(212) 235-1539
Dr. Sandy Fung,MD,Family Medicine,"New York, NY 10012",(212) 235-1540
Dr. Robert Wilson,MD,Family Medicine,"New York, NY 10013",(212) 235-1541
Dr. Jenne Wax,MD,Family Medicine,"New York, NY 10014",(212) 235-1542
Dr. Nga Chang,MD,Family Medicine,"New York, NY 10015",(212) 235-1543
Dr. Mikhail Fuks,MD,Family Medicine,"New York, NY 10016",(212) 235-1544
Dr. Sein Win,MD,Family Medicine,"New York, NY 10017",(212) 235-1545
Dr. Teresa Chan,MD,Family Medicine,"New York, NY 10018",(212) 235-1546
Dr. Kevin Lin,MD,Family Medicine,"New York, NY 10019",(212) 235-1547
Dr. Katherine Cox,MD,Family Medicine,"New York, NY 10020",(212) 235-1548
Dr. Rebecca Elmaleh,MD,Family Medicine,"New York, NY 10021",(212) 235-1549
Dr. Cynthia Tam,MD,Family Medicine,"New York, NY 10022",(212) 235-1550
Dr. Anthony Lyon,MD,Family Medicine,"New York, NY 10023",(212) 235-1551
Dr. Moses Shalit,MD,Family Medicine,"New York, NY 10024",(212) 235-1552
Dr. Baturalp Baserdem,MD,Family Medicine,"New York, NY 10025",(212) 235-1553
Dr. Serena Ferguson,MD,Family Medicine,"New York, NY 10026",(212) 235-1554
Dr. Nathaniel Brownlow,MD,Family Medicine,"New York, NY 10027",(212) 235-1555
Dr. Eileen Chen,MD,Family Medicine,"New York, NY 10028",(212) 235-1556
Dr. Jose Lares-Guia,MD,Family Medicine,"New York, NY 10029",(212) 235-1557
Dr. Vivian Li-Hirashiki,MD,Family Medicine,"New York, NY 10030",(212) 235-1558
Dr. Carrie Bowler,MD,Family Medicine,"New York, NY 10031",(212) 235-1559
Dr. Marina Margolin,MD,Family Medicine,"New York, NY 10032",(212) 235-1560
Dr. Corey Wasserman,MD,Pediatrics,"New York, NY 10033",(212) 235-1561
Dr. Eve Koltuv,MD,Pediatrics,"New York, NY 10034",(212) 235-1562
Dr. Jacqueline Ehrlich,MD,Pediatrics,"New York, NY 10035",(212) 235-1563
Dr. Dominika Wittek,MD,Pediatrics,"New York, NY 10036",(212) 235-1564
Dr. Stephanie Desgrottes,MD,Pediatrics,"New York, NY 10037",(212) 235-1565
Dr. Michael Schessel,MD,Pediatrics,"New York, NY 10038",(212) 235-1566
Dr. Nicole Sandover,MD,Pediatrics,"New York, NY 10039",(212) 235-1567
Dr. Michael Defeo,MD,Pediatrics,"New York, NY 10040",(212) 235-1568
Dr. Noel Smith,MD,Pediatrics,"New York, NY 10041",(212) 235-1569
Dr. Sujan Patel,MD,Pediatrics,"New York, NY 10042",(212) 235-1570
Mekhla Varma,MD,Pediatrics,"New York, NY 10043",(212) 235-1571
Dr. Eddie Yang,MD,Pediatrics,"New York, NY 10044",(212) 235-1572
Dr. Farid Moustofi,MD,Pediatrics,"New York, NY 10045",(212) 235-1573
Dr. Stephanie Shaps,MD,Pediatrics,"New York, NY 10046",(212) 235-1574
Dr. Chuan Chang,MD,Pediatrics,"New York, NY 10047",(212) 235-1575
Dr. Ronald Lehman Jr,MD,Orthopedic Surgery,"New York, NY 10019",(212) 235-1519
Dr. Charles Jobin,MD,Orthopedic Surgery,"New York, NY 10019",(212) 235-1519
Dr. Frederick Buechel Jr,MD,Orthopedic Surgery,"New York, NY 10019",(212) 235-1519
Dr. Herbert Cooper,MD,Orthopedic Surgery,"New York, NY 10019",(212) 235-1519
Dr. Alejandro GonzalezDellaValle,MD,Orthopedic Surgery,"New York, NY 10019",(212) 235-1519
Dr. Friedrich Boettner,MD,Orthopedic Surgery,"New York, NY 10020",(212) 235-1519
Dr. Seth Jerabek,MD,Orthopedic Surgery,"New York, NY 10021",(212) 235-1519
Dr. Gregory Difelice,MD,Orthopedic Surgery,"New York, NY 10022",(212) 235-1519
Dr. David Kovacevic,MD,Orthopedic Surgery,"New York, NY 10023",(212) 235-1519
Dr. Douglas Padgett,MD,Orthopedic Surgery,"New York, NY 10019",(212) 235-1519
Dr. Matthew Hepinstall,MD,Orthopedic Surgery,"New York, NY 10020",(212) 235-1519
Dr. Melvin Rosenwasser,MD,Orthopedic Surgery,"New York, NY 10019",(212) 235-1519
Dr. Edwin Su,MD,Orthopedic Surgery,"New York, NY 10019",(212) 235-1519
Dr. Russel Huang,MD,Orthopedic Surgery,"New York, NY 10020",(212) 235-1519
Dr. Jonathan Stieber,MD,Orthopedic Surgery,"New York, NY 10019",(212) 235-1519
Dr. Daniel Polatsch,MD,Orthopedic Surgery,"New York, NY 10019",(212) 235-1519
Dr. Steven Beldner,MD,Orthopedic Surgery,"New York, NY 10019",(212) 235-1519
Dr. Justin Greisberg,MD,Orthopedic Surgery,"New York, NY 10020",(212) 235-1519
Dr. Daniel Seigerman,MD,Orthopedic Surgery,"New York, NY 10021",(212) 235-1519
Dr. Robert Strauch,MD,Orthopedic Surgery,"New York, NY 10022",(212) 235-1519
Dr. Todd Albert,MD,Orthopedic Surgery,"New York, NY 10023",(212) 235-1519
Dr. William Levine,MD,Orthopedic Surgery,"New York, NY 10024",(212) 235-1519
Dr. Howard Rose,MD,Orthopedic Surgery,"New York, NY 10025",(212) 235-1519
Dr. Yaser El-Gazzar,MD,Orthopedic Surgery,"New York, NY 10026",(212) 235-1519
Dr. Stephen Silver,MD,Orthopedic Surgery,"New York, NY 10027",(212) 235-1519
Dr. Andreas Gomoll,MD,Orthopedic Surgery,"New York, NY 10019",(212) 235-1519
Dr. David Levine,MD,Orthopedic Surgery,"New York, NY 10019",(212) 235-1519
Dr. Steven Schiebert,MD,Orthopedic Surgery,"New York, NY 10020",(212) 235-1519
Dr. Darren Lebl,MD,Orthopedic Surgery,"New York, NY 10021",(212) 235-1519
Dr. Douglas Slaughter,MD,Orthopedic Surgery,"New York, NY 10019",(212) 235-1519
Dr. David Mayman,MD,Orthopedic Surgery,"New York, NY 10020",(212) 235-1519
Dr. Roshan Shah,MD,Orthopedic Surgery,"New York, NY 10019",(212) 235-1519
Dr. Gregg Rock,MD,Orthopedic Surgery,"New York, NY 10019",(212) 235-1519
Dr. David Wellman,MD,Orthopedic Surgery,"New York, NY 10019",(212) 235-1519
Dr. Yongjung Kim,MD,Orthopedic Surgery,"New York, NY 10020",(212) 235-1520
Dr. David Goldberg,MD,Internal Medicine,"Eastchester, NY 10709",(914) 361-5663
Dr. Nancy Mills,MD,Internal Medicine,"Eastchester, NY 10710",(914) 361-5664
Dr. Mitchell Fishbach,MD,Internal Medicine,"Eastchester, NY 10711",(914) 361-5665
Joey Pang,MD,Internal Medicine,"Eastchester, NY 10712",(914) 361-5666
Dr. Lisa Ellman-Grunther,MD,Internal Medicine,"Eastchester, NY 10713",(914) 361-5667
Dr. Timothy Mainardi,MD,Internal Medicine,"Eastchester, NY 10714",(914) 361-5668
Dr. Noel Smith,MD,Internal Medicine,"Eastchester, NY 10715",(914) 361-5669
Dr. Serena Mulhern,MD,Internal Medicine,"Eastchester, NY 10716",(914) 361-5670
Dr. Leonard Reiffe,MD,Internal Medicine,"Eastchester, NY 10717",(914) 361-5671
Dr. Ossama Samuel,MD,Internal Medicine,"Eastchester, NY 10718",(914) 361-5672
Dr. Chiti Parikh,MD,Internal Medicine,"Eastchester, NY 10719",(914) 361-5673
Dr. Michael Ford,MD,Internal Medicine,"Eastchester, NY 10709",(914) 361-5674
Dr. Bruce Logan,MD,Internal Medicine,"Mount Vernon, NY 10552",(914) 361-5675
Dr. Arturo Constantiner,MD,Internal Medicine,"Mount Vernon, NY 10552",(914) 361-5676
Dr. Chun Yip,MD,Internal Medicine,"Mount Vernon, NY 10553",(914) 361-5677
Dr. Danielle Mellace,MD,Internal Medicine,"Mount Vernon, NY 10554",(914) 361-5678
Dr. Edgar Camargo,MD,Internal Medicine,"Mount Vernon, NY 10555",(914) 361-5679
Dr. Rex Wu,MD,Internal Medicine,"Mount Vernon, NY 10553",(914) 361-5680
Dr. Sarita Mahtani,MD,Internal Medicine,"Mount Vernon, NY 10554",(914) 361-5681
Dr. Luis Aybar,MD,Internal Medicine,"Mount Vernon, NY 10552",(914) 361-5682
Dr. Lester Blair,MD,Internal Medicine,"Mount Vernon, NY 10552",(914) 361-5683
Dr. Daniel Motola,MD,Internal Medicine,"Mount Vernon, NY 10552",(914) 361-5684
Dr. Lawrence Wasser,MD,Internal Medicine,"Mount Vernon, NY 10553",(914) 361-5685
Dr. Eugene Shostak,MD,Internal Medicine,"Mount Vernon, NY 10554",(914) 361-5686
Dr. ILya Kleyn,MD,Internal Medicine,"Mount Vernon, NY 10555",(914) 361-5687
Dr. Rachel Smerd,MD,Internal Medicine,"Mount Vernon, NY 10552",(914) 361-5688
Dr. Matvey Pinkusovich,MD,Obstetrics & Gynecology,"Hoboken, NJ 07030",(914) 361-5689
Dr. Andrew Defazio,MD,Obstetrics & Gynecology,"Hoboken, NJ 07031",(914) 361-5690
Dr. Andrea Dobrenis,MD,Obstetrics & Gynecology,"Hoboken, NJ 07032",(914) 361-5691
Dr. Alexander Shifrin,MD,Obstetrics & Gynecology,"Hoboken, NJ 07033",(914) 361-5692
Dr. Ellen Manos,MD,Obstetrics & Gynecology,"Hoboken, NJ 07034",(914) 361-5693
Dr. Erica Weinstein,MD,Obstetrics & Gynecology,"Hoboken, NJ 07035",(914) 361-5694
Dr. Navjot Ghotra,MD,Obstetrics & Gynecology,"Hoboken, NJ 07036",(914) 361-5695
Dr. Brendan Levy,MD,Obstetrics & Gynecology,"Hoboken, NJ 07037",(914) 361-5696
Dr. Allison Boester,MD,Obstetrics & Gynecology,"Hoboken, NJ 07038",(914) 361-5697
Dr. Manpreet Mann,MD,Obstetrics & Gynecology,"Hoboken, NJ 07039",(914) 361-5698
Dr. Clarel Antoine,MD,Obstetrics & Gynecology,"Hoboken, NJ 07040",(914) 361-5699
Dr. Kathryn Keaty,MD,Obstetrics & Gynecology,"Hoboken, NJ 07041",(914) 361-5700
Dr. David Reichman,MD,Obstetrics & Gynecology,"Hoboken, NJ 07042",(914) 361-5701
Dr. Laxmi Baxi,MD,Obstetrics & Gynecology,"Hoboken, NJ 07043",(914) 361-5702
Dr. Taonei Mushayandebvu,MD,Obstetrics & Gynecology,"Hoboken, NJ 07044",(914) 361-5703
Dr. Raul Aguilar,MD,Obstetrics & Gynecology,"Hoboken, NJ 07045",(914) 361-5704
Dr. Thomas Caputo,MD,Obstetrics & Gynecology,"Hoboken, NJ 07046",(914) 361-5705
Dr. Bernadith Russell,MD,Obstetrics & Gynecology,"Hoboken, NJ 07047",(914) 361-5706
Dr. Anca Rosca,MD,Obstetrics & Gynecology,"Hoboken, NJ 07048",(914) 361-5707
Dr. Allan Ho,MD,Obstetrics & Gynecology,"Hoboken, NJ 07049",(914) 361-5708
Dr. George McQuilkin,MD,Obstetrics & Gynecology,"Hoboken, NJ 07050",(914) 361-5709
Dr. Michael Cabbad,MD,Obstetrics & Gynecology,"Hoboken, NJ 07051",(914) 361-5710
Dr. Osbert Fernandez,MD,Obstetrics & Gynecology,"Hoboken, NJ 07052",(914) 361-5711
Dr. Andrew Gardner,MD,Obstetrics & Gynecology,"Hoboken, NJ 07053",(914) 361-5712
Dr. Jeff Wang,MD,Obstetrics & Gynecology,"Hoboken, NJ 07054",(914) 361-5713
Dr. Dimitry Goncharov,MD,Obstetrics & Gynecology,"Hoboken, NJ 07055",(914) 361-5714
Dr. Kenneth Levey,MD,Obstetrics & Gynecology,"Hoboken, NJ 07056",(914) 361-5715
Dr. Matthew Lederman,MD,Obstetrics & Gynecology,"Hoboken, NJ 07057",(914) 361-5716
Dr. Mark Moradi,MD,Obstetrics & Gynecology,"Hoboken, NJ 07058",(914) 361-5717
Dr. Sabrina Nilufar,MD,Obstetrics & Gynecology,"Hoboken, NJ 07059",(914) 361-5718
Dr. Bhavana Pothuri,MD,Obstetrics & Gynecology,"Hoboken, NJ 07060",(914) 361-5719
Dr. Adam Shoman,MD,Obstetrics & Gynecology,"Hoboken, NJ 07061",(914) 361-5720
Dr. Michael Orofino,MD,Obstetrics & Gynecology,"Hoboken, NJ 07062",(914) 361-5721
Dr. Dhruti Mehta,MD,Obstetrics & Gynecology,"Hoboken, NJ 07063",(914) 361-5722
Dr. Alyaa Elassar,MD,Obstetrics & Gynecology,"Hoboken, NJ 07064",(914) 361-5723
Dr. Gary Goldman,MD,Obstetrics & Gynecology,"Hoboken, NJ 07065",(914) 361-5724
Dr. Eskandar Simhaee,MD,Obstetrics & Gynecology,"Hoboken, NJ 07066",(914) 361-5725
Dr. David Fields,MD,Obstetrics & Gynecology,"Hoboken, NJ 07067",(914) 361-5726
Dr. David Khodadadian,MD,Obstetrics & Gynecology,"Hoboken, NJ 07068",(914) 361-5727
Dr. Ashwin Jadhav,MD,Obstetrics & Gynecology,"Hoboken, NJ 07069",(914) 361-5728
Dr. Cara Grimes,MD,Obstetrics & Gynecology,"Hoboken, NJ 07070",(914) 361-5729
Dr. Joseph Davis,MD,Obstetrics & Gynecology,"Hoboken, NJ 07071",(914) 361-5730
Dr. Szilvia Nagy,MD,Obstetrics & Gynecology,"Hoboken, NJ 07072",(914) 361-5731
Dr. Masahide Kanayama,MD,Obstetrics & Gynecology,"Hoboken, NJ 07073",(914) 361-5732
Dr. Janet Choi,MD,Obstetrics & Gynecology,"Hoboken, NJ 07074",(914) 361-5733
Dr. Jeremy Moon,MD,Obstetrics & Gynecology,"Hoboken, NJ 07075",(914) 361-5734
Dr. William Schweizer III,MD,Obstetrics & Gynecology,"Hoboken, NJ 07076",(914) 361-5735
Dr. Thomas Migliaccio,MD,Obstetrics & Gynecology,"Hoboken, NJ 07077",(914) 361-5736
Dr. Mario Leitao Jr,MD,Obstetrics & Gynecology,"Hoboken, NJ 07078",(914) 361-5737
Dr. Melissa Pilewskie,MD,Obstetrics & Gynecology,"Hoboken, NJ 07079",(914) 361-5738
Dr. Erroll Byer Jr,MD,Obstetrics & Gynecology,"Hoboken, NJ 07080",(914) 361-5739
Dr. Scott Postell,MD,Obstetrics & Gynecology,"Hoboken, NJ 07081",(914) 361-5740
Dr. Basma Faris,MD,Obstetrics & Gynecology,"Hoboken, NJ 07082",(914) 361-5741
Dr. Erwin Lerebours,MD,Obstetrics & Gynecology,"Hoboken, NJ 07083",(914) 361-5742
Dr. Raymond Wong,MD,Obstetrics & Gynecology,"Hoboken, NJ 07084",(914) 361-5743
Dr. Renata Scott-Ram,MD,Obstetrics & Gynecology,"Hoboken, NJ 07085",(914) 361-5744
Dr. Daniel Stein,MD,Obstetrics & Gynecology,"Hoboken, NJ 07086",(914) 361-5745
Dr. Jacques Moritz,MD,Obstetrics & Gynecology,"Hoboken, NJ 07087",(914) 361-5746
Dr. Lindsey Bordone,MD,Dermatology,"32 Ericsson Pl  New York, NY 10013",(914) 361-5747
Dr. Jesse Lewin,MD,Dermatology,"33 Ericsson Pl  New York, NY 10013",(914) 361-5748
Dr. Filamer Kabigting,MD,Dermatology,"34 Ericsson Pl  New York, NY 10013",(914) 361-5749
Dr. Hirshel Kahn,MD,Dermatology,"35 Ericsson Pl  New York, NY 10013",(914) 361-5750
Dr. Helen Radoszycki,MD,Dermatology,"36 Ericsson Pl  New York, NY 10013",(914) 361-5751
Kara Hartmann,MD,Dermatology,"37 Ericsson Pl  New York, NY 10013",(914) 361-5752
Dr. Barry Goldman,MD,Dermatology,"38 Ericsson Pl  New York, NY 10013",(914) 361-5753
Dr. Robert Buka,MD,Dermatology,"39 Ericsson Pl  New York, NY 10013",(914) 361-5754
Ashton Frulla,MD,Dermatology,"40 Ericsson Pl  New York, NY 10013",(914) 361-5755
Dr. Catherine Ding,MD,Dermatology,"41 Ericsson Pl  New York, NY 10013",(914) 361-5756
Dr. Alan Greenspan,MD,Dermatology,"42 Ericsson Pl  New York, NY 10013",(914) 361-5757
Dr. Sanjosh Singh,MD,Dermatology,"43 Ericsson Pl  New York, NY 10013",(914) 361-5758
Dr. Natalie Moulton-Levy,MD,Dermatology,"44 Ericsson Pl  New York, NY 10013",(914) 361-5759
Dr. Adam Geyer,MD,Dermatology,"45 Ericsson Pl  New York, NY 10013",(212) 235-1531
Dr. Sapna Palep,MD,Dermatology,"46 Ericsson Pl  New York, NY 10013",(212) 235-1532
Dr. Susan Katz,MD,Dermatology,"47 Ericsson Pl  New York, NY 10013",(212) 235-1533
Dr. Zoe Veritas,MD,Dermatology,"48 Ericsson Pl  New York, NY 10013",(212) 235-1534
Dr. Tara Rao,MD,Dermatology,"49 Ericsson Pl  New York, NY 10013",(212) 235-1535
Dr. Bradley Glodny,MD,Dermatology,"50 Ericsson Pl  New York, NY 10013",(212) 235-1536
Dr. Kenneth Mark,MD,Dermatology,"51 Ericsson Pl  New York, NY 10013",(212) 235-1537
Dr. N. Patrick Hennessey,MD,Dermatology,"52 Ericsson Pl  New York, NY 10013",(212) 235-1538
Dr. Lyubov Avshalumova,MD,Dermatology,"53 Ericsson Pl  New York, NY 10013",(212) 235-1539
Dr. Julia Tzu,MD,Dermatology,"54 Ericsson Pl  New York, NY 10013",(212) 235-1540
Dr. Sherwin Parikh,MD,Dermatology,"55 Ericsson Pl  New York, NY 10013",(212) 235-1541
Dr. Justin Greisberg,MD,General Surgery,"51 W 51st St New York, NY 10019",(212) 235-1519
Dr. Zachary Gleit,MD,General Surgery,"52 W 51st St New York, NY 10019",(212) 235-1519
Dr. Samara Churgin,MD,General Surgery,"53 W 51st St New York, NY 10019",(212) 235-1519
Dr. Stephanie Bernik,MD,General Surgery,"54 W 51st St New York, NY 10019",(212) 235-1520
Dr. Jennifer Svahn,MD,General Surgery,"55 W 51st St New York, NY 10019",(212) 235-1521
Dr. Nolan Karp,MD,General Surgery,"56 W 51st St New York, NY 10019",(212) 235-1522
Dr. Brian Harlin,MD,General Surgery,"57 W 51st St New York, NY 10019",(212) 235-1519
Dr. Valery Dronsky,MD,General Surgery,"58 W 51st St New York, NY 10019",(212) 235-1520
Dr. Joseph Martz,MD,General Surgery,"59 W 51st St New York, NY 10019",(212) 235-1521
Dr. James Pacholka,MD,General Surgery,"60 W 51st St New York, NY 10019",(212) 235-1519
Dr. Peter Geller,MD,General Surgery,"61 W 51st St New York, NY 10019",(212) 235-1520
Dr. Richard Lazzaro,MD,General Surgery,"62 W 51st St New York, NY 10019",(212) 235-1521
Dr. Marsha Harris,MD,General Surgery,"63 W 51st St New York, NY 10019",(212) 235-1519
Dr. Evan Matros,MD,General Surgery,"64 W 51st St New York, NY 10019",(212) 235-1520
Dr. Steven Hofstetter,MD,General Surgery,"65 W 51st St New York, NY 10019",(212) 235-1521
Dr. David Greuner,MD,General Surgery,"66 W 51st St New York, NY 10019",(212) 235-1522
Dr. Stephen Goldstone,MD,General Surgery,"67 W 51st St New York, NY 10019",(212) 235-1523
Dr. Melissa Pilewskie,MD,General Surgery,"68 W 51st St New York, NY 10019",(212) 235-1519
Dr. Yuri Novitsky,MD,General Surgery,"69 W 51st St New York, NY 10019",(212) 235-1520
Dr. M Shane Dawson,MD,General Surgery,"70 W 51st St New York, NY 10019",(212) 235-1521
Dr. Evan Goldstein,MD,General Surgery,"71 W 51st St New York, NY 10019",(212) 235-1522
Dr. Pokala Kiran,MD,General Surgery,"72 W 51st St New York, NY 10019",(212) 235-1519
Dr. Eric Moore,MD,General Surgery,"73 W 51st St New York, NY 10019",(212) 235-1520
Dr. Prashant Sinha,MD,General Surgery,"74 W 51st St New York, NY 10019",(212) 235-1521
Dr. Howard Liang,MD,General Surgery,"75 W 51st St New York, NY 10019",(212) 235-1519
Dr. Nipa Gandhi,MD,General Surgery,"76 W 51st St New York, NY 10019",(212) 235-1520
Dr. Nicholas Morrissey,MD,General Surgery,"77 W 51st St New York, NY 10019",(212) 235-1521
Dr. Manikyam Mutyala,MD,General Surgery,"78 W 51st St New York, NY 10019",(212) 235-1519
Dr. Richard Whelan,MD,General Surgery,"79 W 51st St New York, NY 10019",(212) 235-1520
Dr. Alfons Pomp,MD,General Surgery,"80 W 51st St New York, NY 10019",(212) 235-1521
Dr. Justin Steele,MD,General Surgery,"81 W 51st St New York, NY 10019",(212) 235-1522
Dr. Marina Kurian,MD,General Surgery,"82 W 51st St New York, NY 10019",(212) 235-1519
Dr. Paresh Shah,MD,General Surgery,"83 W 51st St New York, NY 10019",(914) 573-4507
Dr. Sang Lee,MD,General Surgery,"84 W 51st St New York, NY 10019",(914) 573-4508
Dr. Fabio Iwamoto,MD,Neurology,"223 E 34th St New York, NY 10016",(914) 573-4509
Dr. Nancy Nealon,MD,Neurology,"224 E 34th St New York, NY 10016",(914) 573-4509
Dr. Michael Lin,MD,Neurology,"225 E 34th St New York, NY 10016",(914) 573-4510
Dr. Susan Broner,MD,Neurology,"226 E 34th St New York, NY 10016",(914) 573-4509
Dr. Douglas Schottenstein,MD,Neurology,"227 E 34th St New York, NY 10016",(914) 573-4510
Dr. Dana Leifer,MD,Neurology,"228 E 34th St New York, NY 10016",(914) 573-4509
Dr. Jennifer Langsdorf,MD,Neurology,"223 E 34th St New York, NY 10016",(914) 573-4510
Dr. Neil Rosenthal,MD,Neurology,"224 E 34th St New York, NY 10016",(914) 573-4511
Dr. Michael Pourfar,MD,Neurology,"225 E 34th St New York, NY 10016",(914) 573-4512
Dr. Steven Karceski,MD,Neurology,"226 E 34th St New York, NY 10016",(914) 573-4513
Dr. Harold Weinberg,MD,Neurology,"227 E 34th St New York, NY 10016",(914) 573-4509
Dr. Sylvia Mohen,MD,Neurology,"228 E 34th St New York, NY 10016",(914) 573-4510
Dr. Dominique Cozien,MD,Neurology,"229 E 34th St New York, NY 10016",(914) 573-4509
Dr. Howard Sander,MD,Neurology,"230 E 34th St New York, NY 10016",(914) 573-4510
Dr. Klara Briskin,MD,Neurology,"231 E 34th St New York, NY 10016",(914) 573-4509
Dr. Daniel Barone,MD,Neurology,"232 E 34th St New York, NY 10016",(914) 573-4509
Dr. Helen Chang,MD,Neurology,"233 E 34th St New York, NY 10016",(914) 573-4510
Dr. Joseph Herbert,MD,Neurology,"234 E 34th St New York, NY 10016",(914) 573-4511
Dr. Elena Frid,MD,Neurology,"235 E 34th St New York, NY 10016",(914) 573-4512
Dr. Cary Buckner,MD,Neurology,"236 E 34th St New York, NY 10016",(914) 573-4509
Dr. Karthikeyan Arcot,MD,Neurology,"237 E 34th St New York, NY 10016",(914) 573-4510
Dr. Alla Mesh,MD,Neurology,"238 E 34th St New York, NY 10016",(914) 573-4509
Dr. David Parrella,MD,Neurology,"239 E 34th St New York, NY 10016",(914) 573-4510
Dr. Myrna Cardiel,MD,Neurology,"240 E 34th St New York, NY 10016",(914) 573-4509
Dr. Lawrence Newman,MD,Neurology,"241 E 34th St New York, NY 10016",(914) 573-4510
Dr. Blanca Vazquez,MD,Neurology,"242 E 34th St New York, NY 10016",(914) 573-4511
Dr. Kiril Kiprovski,MD,Neurology,"243 E 34th St New York, NY 10016",(914) 573-4512
Dr. Narmina Dzhafarova,MD,Neurology,"244 E 34th St New York, NY 10016",(914) 573-4513
Dr. Ruben Kuzniecky,MD,Neurology,"245 E 34th St New York, NY 10016",(914) 573-4509
Dr. Risa Ravitz,MD,Neurology,"246 E 34th St New York, NY 10016",(914) 573-4510
Dr. Gerald Smallberg,MD,Neurology,"247 E 34th St New York, NY 10016",(914) 573-4511
Dr. Anna Kogan,MD,Neurology,"248 E 34th St New York, NY 10016",(914) 573-4510
Dr. Susan Gauthier,MD,Neurology,"249 E 34th St New York, NY 10016",(914) 573-4511
Dr. Ilya Kister,MD,Neurology,"250 E 34th St New York, NY 10016",(914) 573-4509
Dr. Gary Starkman,MD,Neurology,"251 E 34th St New York, NY 10016",(914) 573-4509
